group,model,observations,MAE [MW],RMSE [MW],MAPE [%],bias [MW]
holiday,xgboost,216,34.85846717212818,44.94464461222243,3.786465244026788,-3.122453061704283
holiday,timesfm_univariate,216,46.07663274694372,65.57330586163089,5.18524541339059,34.60044252522786
holiday,timesfm_selected,216,46.90994249584055,64.9545811479317,5.3048427066722015,38.21320695439091
holiday,terna,216,23.77024305555556,30.81519709830161,2.596464247061812,-13.855502314814808
non_holiday,xgboost,6048,31.935801290279972,47.19990648645732,2.925944600771875,-10.87124197960909
non_holiday,timesfm_univariate,6048,28.755390126384757,41.692195047709355,2.7292024829517034,-2.260375947659609
non_holiday,timesfm_selected,6048,28.688723513648625,41.474031478242466,2.7450055117918915,-0.8165707173019491
non_holiday,terna,6048,16.126132027116405,22.77863151693782,1.5298168084295598,2.6238643353174607
summer_peak,xgboost,1156,60.73979372567042,80.80948962452972,4.166736084416011,-56.06839234496648
summer_peak,timesfm_univariate,1156,39.45508226947719,52.077598318318884,2.822325552903386,-5.849756389895116
summer_peak,timesfm_selected,1156,37.15828087407412,49.036853061784434,2.6819571978335426,0.859816689250375
summer_peak,terna,1156,24.29236894463668,32.56369832953983,1.740154270434325,2.5019493944636637
