month,model,observations,MAE [MW],MAPE [%],bias [MW]
1,xgboost,360,31.261493805609806,3.142210596315075,-17.436258030870224
1,timesfm_univariate,360,43.767450906032984,4.291379899711298,-8.26995333658854
1,timesfm_selected,360,45.89625660671657,4.495126606724169,-8.495608277723521
1,terna,360,18.150681944444443,1.9009933049326955,-4.69239444444444
2,xgboost,672,25.4244423987979,2.666117834220381,3.1638353562127994
2,timesfm_univariate,672,27.815530020577565,2.91766311817537,6.508770818801157
2,timesfm_selected,672,28.527006584530785,3.026466452588794,6.719681434268047
2,terna,672,13.14994791666667,1.3477047225883731,-0.2706034226190407
3,xgboost,720,24.763625507269964,2.6616293081442515,-1.3769494940863682
3,timesfm_univariate,720,31.44116459350586,3.2860692465989882,-9.370812154812278
3,timesfm_selected,720,31.02864559258356,3.2494779448808644,-9.628530728488492
3,terna,720,12.460886805555559,1.345022634891549,1.3109375000000034
4,xgboost,720,32.288881593153214,3.660268486711851,6.040742899576823
4,timesfm_univariate,720,33.31878419799805,3.6958419590674683,3.4769709099663615
4,timesfm_selected,720,31.80229217258029,3.5421410525566492,2.081202935112846
4,terna,720,16.87798576388889,1.8327798439344005,3.551532986111111
5,xgboost,744,19.50119976281607,2.194467791036572,2.5783063932029147
5,timesfm_univariate,744,20.85903842655305,2.343403438744014,0.41889552684496795
5,timesfm_selected,744,21.541715881347656,2.4293108016577527,1.1937675170898439
5,terna,744,14.837103494623651,1.6684689209722672,2.000659274193547
6,xgboost,720,27.54078626573351,2.550560089149985,-16.131746247016064
6,timesfm_univariate,720,26.455609309895838,2.4464835958729427,-12.140243866644969
6,timesfm_selected,720,27.84794368760851,2.5882824642824205,-8.302511593967015
6,terna,720,14.976954861111112,1.437232877839126,3.194974305555553
7,xgboost,744,49.97575445556641,3.635341094847578,-39.37122230644636
7,timesfm_univariate,744,29.798653190366686,2.248416656378185,0.7873505570606498
7,timesfm_selected,744,29.370009281937797,2.2412424698679447,4.064937217138144
7,terna,744,18.877000336021503,1.4656646252706125,3.3660789650537613
8,xgboost,744,52.93132597236223,3.7787252051838576,-45.58518251349337
8,timesfm_univariate,744,34.76284852452432,2.5887992089344234,-1.9314998457713832
8,timesfm_selected,744,31.443065501879623,2.3590560119220805,2.2475132321593545
8,terna,744,25.08676444892474,1.873481244693087,0.7581381048387081
9,xgboost,720,24.399632400173612,2.419231991484142,10.942948069932726
9,timesfm_univariate,720,24.922944866265187,2.4257102027604085,9.036006677246094
9,timesfm_selected,720,26.28143024902344,2.5585571607947366,11.001534360080296
9,terna,720,14.585319791666663,1.455923209430284,5.901266319444445
10,xgboost,120,23.259375309244785,2.6033030400082904,-5.045476310221352
10,timesfm_univariate,120,18.701913798014324,2.0277240130030334,-4.796363863118487
10,timesfm_selected,120,20.547982552083337,2.24907341918728,-1.9635040608723935
10,terna,120,9.47947083333333,1.0533133278929359,1.1689208333333332
